TrendID,ProductGroupID,TrendName,Description,StartDate,EndDate,PopularityIndex,Region,AgeGroup,Gender,SalesImpact,DataSource,AnalysisDate
1,1,"Rise of Thin and Light Laptops","Increased demand for lightweight laptops with powerful performance",2023-01-01,2023-12-31,85,Global,18-45,Both,High,Market Research Report,2024-01-15
2,2,"5G Smartphone Adoption","Growing adoption of 5G-enabled smartphones worldwide",2023-01-01,2023-12-31,92,Global,18-55,Both,High,Industry Surveys,2024-01-15
3,3,"Smart Home Appliance Integration","Integration of smart features into home appliances gaining popularity",2023-01-01,2023-12-31,88,Global,25-60,Both,Medium,Consumer Feedback,2024-01-15
4,4,"Wireless Earbuds Boom","Rising popularity of wireless earbuds as a replacement for traditional headphones",2023-01-01,2023-12-31,89,Global,18-40,Both,Medium,Sales Data Analysis,2024-01-15
5,5,"Streaming Services Dominance","Increasing dominance of streaming services in home entertainment",2023-01-01,2023-12-31,87,Global,18-50,Both,High,Consumer Behavior Studies,2024-01-15
6,1,"Hybrid Work Laptop Demand","Demand for laptops suitable for hybrid work environments",2023-01-01,2023-12-31,86,Global,25-55,Both,High,Workplace Surveys,2024-01-15
7,2,"Foldable Smartphone Innovations","Innovations in foldable smartphone designs driving market growth",2023-01-01,2023-12-31,90,Global,18-45,Both,High,Technology Reviews,2024-01-15
8,3,"Energy-Efficient Home Appliances","Rising preference for energy-efficient home appliances",2023-01-01,2023-12-31,85,Global,30-60,Both,Medium,Environmental Reports,2024-01-15
9,4,"Gaming Accessories Surge","Surge in demand for gaming accessories alongside gaming console sales",2023-01-01,2023-12-31,88,Global,15-35,Both,Medium,Gaming Industry Reports,2024-01-15
10,5,"Smart TV Market Growth","Continued growth of smart TV market with enhanced features and connectivity",2023-01-01,2023-12-31,89,Global,18-60,Both,High,Market Analysis,2024-01-15
11,6,"Healthcare Wearables Expansion","Expansion of wearable healthcare devices for monitoring health metrics",2023-01-01,2023-12-31,84,Global,30-70,Both,Medium,Healthcare Surveys,2024-01-15
12,7,"Remote Work Solutions","Increasing demand for solutions supporting remote work capabilities",2023-01-01,2023-12-31,86,Global,25-60,Both,High,Workplace Trends,2024-01-15
13,8,"Green Technology Adoption","Growing adoption of green technologies in consumer electronics",2023-01-01,2023-12-31,87,Global,25-55,Both,Medium,Environmental Studies,2024-01-15
14,9,"Smart Kitchen Appliances","Integration of smart features in kitchen appliances for convenience",2023-01-01,2023-12-31,83,Global,25-60,Both,Medium,Consumer Feedback,2024-01-15
15,10,"E-commerce Boom","Continued growth of e-commerce platforms for electronics sales",2023-01-01,2023-12-31,90,Global,18-55,Both,High,Online Sales Data,2024-01-15
16,1,"AI in Consumer Electronics","Integration of artificial intelligence in consumer electronics products",2023-01-01,2023-12-31,88,Global,18-50,Both,High,Technology Reviews,2024-01-15
17,2,"Augmented Reality Adoption","Increasing adoption of augmented reality in smartphone applications",2023-01-01,2023-12-31,89,Global,18-45,Both,High,Industry Reports,2024-01-15
18,3,"Smart Heating Solutions","Demand for smart heating solutions for energy efficiency",2023-01-01,2023-12-31,85,Global,30-60,Both,Medium,Consumer Feedback,2024-01-15
19,4,"Fitness Tracking Wearables","Rising popularity of fitness tracking wearables for health monitoring",2023-01-01,2023-12-31,86,Global,20-50,Both,Medium,Healthcare Surveys,2024-01-15
20,5,"Home Theater System Upgrades","Upgrading trends in home theater systems with advanced features",2023-01-01,2023-12-31,88,Global,25-60,Both,High,Consumer Behavior Studies,2024-01-15
21,6,"Personalized Health Gadgets","Increasing demand for personalized health gadgets",2023-01-01,2023-12-31,87,Global,30-70,Both,Medium,Healthcare Trends,2024-01-15
22,7,"Virtual Reality Gaming","Rising popularity of virtual reality gaming experiences",2023-01-01,2023-12-31,89,Global,15-40,Both,High,Gaming Industry Reports,2024-01-15
23,8,"Smart Energy Management","Adoption of smart energy management solutions in homes",2023-01-01,2023-12-31,85,Global,25-60,Both,Medium,Environmental Reports,2024-01-15
24,9,"Connected Car Technologies","Growth in connected car technologies and smart vehicle systems",2023-01-01,2023-12-31,86,Global,25-60,Both,High,Market Analysis,2024-01-15
25,10,"AI in Home Appliances","Integration of artificial intelligence in home appliances for automation",2023-01-01,2023-12-31,88,Global,30-60,Both,Medium,Consumer Feedback,2024-01-15
26,1,"Digital Transformation in Retail","Retail industry's digital transformation with advanced technologies",2023-01-01,2023-12-31,90,Global,18-55,Both,High,Industry Surveys,2024-01-15
27,2,"Blockchain in Supply Chain","Adoption of blockchain technology to enhance supply chain transparency",2023-01-01,2023-12-31,91,Global,25-60,Both,High,Technology Reviews,2024-01-15
28,3,"Smart Farming Technologies","Growth of smart farming technologies for agricultural efficiency",2023-01-01,2023-12-31,87,Global,25-60,Both,Medium,Agricultural Studies,2024-01-15
29,4,"Subscription-based Services","Rise of subscription-based services for consumer electronics",2023-01-01,2023-12-31,85,Global,18-50,Both,Medium,Consumer Behavior Studies,2024-01-15
30,5,"Wireless Charging Adoption","Increasing adoption of wireless charging technologies in devices",2023-01-01,2023-12-31,86,Global,18-55,Both,High,Market Analysis,2024-01-15
31,6,"AI-powered Personal Assistants","Integration of AI-powered personal assistants in everyday gadgets",2023-01-01,2023-12-31,89,Global,18-45,Both,High,Technology Reviews,2024-01-15
32,7,"Digital Health Platforms","Growth of digital health platforms for remote health monitoring",2023-01-01,2023-12-31,88,Global,25-70,Both,Medium,Healthcare Surveys,2024-01-15
33,8,"Smart Home Security Solutions","Increasing demand for smart home security solutions",2023-01-01,2023-12-31,87,Global,25-60,Both,High,Consumer Feedback,2024-01-15
34,9,"Robotics in Household Chores","Adoption of robotics for household chores automation",2023-01-01,2023-12-31,86,Global,25-60,Both,Medium,Consumer Behavior Studies,2024-01-15
35,10,"E-commerce Integration in Electronics","Integration of e-commerce platforms for electronics sales",2023-01-01,2023-12-31,89,Global,18-55,Both,High,Online Sales Data,2024-01-15
36,1,"Voice Recognition Technology","Growth of voice recognition technology in consumer electronics",2023-01-01,2023-12-31,85,Global,18-50,Both,High,Technology Reviews,2024-01-15
37,2,"Artificial Reality Gaming","Emergence of artificial reality gaming as a new gaming experience",2023-01-01,2023-12-31,88,Global,15-40,Both,High,Gaming Industry Reports,2024-01-15
38,3,"Smart Cities Initiative","Growth of smart city initiatives with integrated technology solutions",2023-01-01,2023-12-31,90,Global,25-60,Both,High,Industry Surveys,2024-01-15
39,4,"Fitness Apps Market","Expansion of fitness apps market for health and fitness tracking",2023-01-01,2023-12-31,87,Global,18-50,Both,Medium,Consumer Behavior Studies,2024-01-15
40,5,"Smart Lighting Solutions","Adoption of smart lighting solutions for energy efficiency",2023-01-01,2023-12-31,86,Global,25-60,Both,Medium,Environmental Reports,2024-01-15
41,6,"AI-driven Marketing Strategies","Implementation of AI-driven marketing strategies in consumer electronics",2023-01-01,2023-12-31,88,Global,18-55,Both,High,Market Analysis,2024-01-15
42,7,"Virtual Reality in Education","Use of virtual reality for immersive educational experiences",2023-01-01,2023-12-31,89,Global,10-18,Both,High,Educational Studies,2024-01-15
43,8,"Smart Transportation Systems","Integration of smart transportation systems in urban environments",2023-01-01,2023-12-31,85,Global,25-60,Both,Medium,Industry Reports,2024-01-15
44,9,"3D Printing Revolution","Growth of 3D printing technology across various applications",2023-01-01,2023-12-31,86,Global,18-60,Both,High,Technology Reviews,2024-01-15
45,10,"E-commerce Personalization","Personalization trends in e-commerce platforms for electronics",2023-01-01,2023-12-31,88,Global,18-55,Both,High,Consumer Behavior Studies,2024-01-15
46,1,"Cybersecurity in IoT Devices","Focus on cybersecurity measures for IoT devices and smart gadgets",2023-01-01,2023-12-31,85,Global,18-50,Both,High,Technology Reviews,2024-01-15
47,2,"Blockchain for Digital Identities","Use of blockchain technology for digital identity verification",2023-01-01,2023-12-31,89,Global,18-60,Both,High,Industry Surveys,2024-01-15
48,3,"Precision Agriculture","Adoption of precision agriculture techniques for enhanced crop management",2023-01-01,2023-12-31,87,Global,25-60,Both,Medium,Agricultural Studies,2024-01-15
49,4,"Subscription Gaming Services","Growth of subscription-based gaming services for access to games",2023-01-01,2023-12-31,86,Global,15-40,Both,High,Gaming Industry Reports,2024-01-15
50,5,"Wireless Audio Devices","Increasing popularity of wireless audio devices and accessories",2023-01-01,2023-12-31,88,Global,18-50,Both,Medium,Consumer Behavior Studies,2024-01-15
51,6,"Health Monitoring Wearables","Adoption of health monitoring wearables for continuous health tracking",2023-01-01,2023-12-31,87,Global,30-70,Both,Medium,Healthcare Surveys,2024-01-15
52,7,"Virtual Reality Travel Experiences","Virtual reality adoption for immersive travel experiences",2023-01-01,2023-12-31,89,Global,18-60,Both,High,Travel Industry Reports,2024-01-15
53,8,"Smart Home Automation","Expansion of smart home automation systems with AI integration",2023-01-01,2023-12-31,85,Global,25-60,Both,High,Consumer Feedback,2024-01-15
54,9,"AI-powered Medical Diagnostics","Integration of AI for medical diagnostics and personalized healthcare",2023-01-01,2023-12-31,86,Global,25-70,Both,Medium,Healthcare Trends,2024-01-15
55,10,"Online Electronics Retail Growth","Continued growth of online retail platforms for electronics",2023-01-01,2023-12-31,89,Global,18-55,Both,High,Online Sales Data,2024-01-15
56,1,"Voice-enabled Smart Devices","Growth in voice-enabled smart devices for home automation",2023-01-01,2023-12-31,88,Global,18-50,Both,High,Consumer Behavior Studies,2024-01-15
57,2,"AR in Automotive Industry","Augmented reality applications in automotive design and sales",2023-01-01,2023-12-31,90,Global,25-60,Both,High,Industry Surveys,2024-01-15
58,3,"Renewable Energy Technology","Adoption of renewable energy technologies in consumer electronics",2023-01-01,2023-12-31,87,Global,25-60,Both,Medium,Environmental Reports,2024-01-15
59,4,"Personal Finance Apps","Rise of personal finance apps for budgeting and financial management",2023-01-01,2023-12-31,85,Global,18-55,Both,Medium,Consumer Behavior Studies,2024-01-15
60,5,"Smart Home Lighting Solutions","Growth of smart home lighting solutions for energy efficiency",2023-01-01,2023-12-31,86,Global,25-60,Both,High,Environmental Reports,2024-01-15
61,6,"AI-driven Retail Analytics","Use of AI-driven analytics for retail performance enhancement",2023-01-01,2023-12-31,89,Global,18-55,Both,High,Market Analysis,2024-01-15
62,7,"Virtual Reality Training Programs","Adoption of virtual reality for training and educational programs",2023-01-01,2023-12-31,88,Global,18-60,Both,High,Educational Studies,2024-01-15
63,8,"Smart Traffic Management","Integration of smart traffic management systems in urban planning",2023-01-01,2023-12-31,87,Global,25-60,Both,Medium,Industry Reports,2024-01-15
64,9,"Robotics in Healthcare","Use of robotics for healthcare applications and surgery",2023-01-01,2023-12-31,86,Global,25-70,Both,High,Healthcare Trends,2024-01-15
65,10,"Mobile Gaming Accessories","Surge in demand for mobile gaming accessories",2023-01-01,2023-12-31,89,Global,15-40,Both,High,Gaming Industry Reports,2024-01-15
66,1,"AI-powered Virtual Assistants","Integration of AI-powered virtual assistants in daily tasks",2023-01-01,2023-12-31,85,Global,18-50,Both,High,Technology Reviews,2024-01-15
67,2,"Blockchain in Healthcare","Adoption of blockchain technology for healthcare data security",2023-01-01,2023-12-31,89,Global,18-70,Both,High,Healthcare Surveys,2024-01-15
68,3,"Precision Livestock Farming","Implementation of precision farming techniques in livestock management",2023-01-01,2023-12-31,87,Global,25-60,Both,Medium,Agricultural Studies,2024-01-15
69,4,"Subscription-based Streaming Services","Growth of subscription-based streaming platforms for entertainment",2023-01-01,2023-12-31,85,Global,18-50,Both,Medium,Consumer Behavior Studies,2024-01-15
70,5,"Wireless Technology Advancements","Advancements in wireless technology for faster data transmission",2023-01-01,2023-12-31,86,Global,18-55,Both,High,Market Analysis,2024-01-15
71,6,"AI-driven Personalization in Retail","Personalization trends driven by AI in retail customer experiences",2023-01-01,2023-12-31,88,Global,18-55,Both,High,Consumer Behavior Studies,2024-01-15
72,7,"Virtual Reality in Real Estate","Integration of virtual reality for real estate viewing experiences",2023-01-01,2023-12-31,89,Global,18-60,Both,High,Real Estate Reports,2024-01-15
73,8,"Smart Grid Technologies","Adoption of smart grid technologies for efficient energy distribution",2023-01-01,2023-12-31,85,Global,25-60,Both,Medium,Environmental Reports,2024-01-15
74,9,"AI in Biomedical Research","Use of AI in biomedical research and drug discovery",2023-01-01,2023-12-31,86,Global,25-70,Both,High,Healthcare Trends,2024-01-15
75,10,"Online Electronics Financing","Growth of online financing options for electronics purchases",2023-01-01,2023-12-31,89,Global,18-55,Both,High,Consumer Behavior Studies,2024-01-15
76,1,"Voice-controlled Smart Devices","Integration of voice control in smart home devices",2023-01-01,2023-12-31,88,Global,18-50,Both,High,Consumer Behavior Studies,2024-01-15
77,2,"AI in Automotive Industry","Integration of AI in automotive technology for autonomous driving",2023-01-01,2023-12-31,90,Global,25-60,Both,High,Industry Surveys,2024-01-15
78,3,"Renewable Energy Home Solutions","Adoption of renewable energy solutions for homes",2023-01-01,2023-12-31,87,Global,25-60,Both,Medium,Environmental Reports,2024-01-15
79,4,"Personalized Advertising Platforms","Rise of personalized advertising platforms based on consumer data",2023-01-01,2023-12-31,85,Global,18-55,Both,Medium,Consumer Behavior Studies,2024-01-15
80,5,"Smart Home Security Cameras","Increasing adoption of smart security cameras for home surveillance",2023-01-01,2023-12-31,86,Global,25-60,Both,High,Consumer Feedback,2024-01-15
81,6,"AI-driven Customer Service","Implementation of AI-driven customer service solutions in retail",2023-01-01,2023-12-31,89,Global,18-55,Both,High,Market Analysis,2024-01-15
82,7,"Virtual Reality for Cultural Preservation","Use of virtual reality for cultural heritage preservation",2023-01-01,2023-12-31,88,Global,18-70,Both,High,Cultural Studies,2024-01-15
83,8,"Smart City Mobility Solutions","Integration of smart mobility solutions in urban planning",2023-01-01,2023-12-31,87,Global,25-60,Both,Medium,Industry Reports,2024-01-15
84,9,"Robotics in Manufacturing","Use of robotics for automation and efficiency in manufacturing",2023-01-01,2023-12-31,86,Global,25-60,Both,High,Industry Surveys,2024-01-15
85,10,"AI-driven Customer Insights","Use of AI for generating customer insights and behavior analysis",2023-01-01,2023-12-31,89,Global,18-55,Both,High,Consumer Behavior Studies,2024-01-15
86,1,"Voice-activated Home Entertainment","Integration of voice activation in home entertainment systems",2023-01-01,2023-12-31,88,Global,18-50,Both,High,Consumer Behavior Studies,2024-01-15
87,2,"Blockchain in Financial Services","Adoption of blockchain technology in financial services for security",2023-01-01,2023-12-31,90,Global,25-60,Both,High,Industry Surveys,2024-01-15
88,3,"Precision Horticulture","Use of precision techniques in horticulture for enhanced crop yields",2023-01-01,2023-12-31,87,Global,25-60,Both,Medium,Agricultural Studies,2024-01-15
89,4,"Subscription-based Digital Media","Growth of subscription-based models in digital media consumption",2023-01-01,2023-12-31,85,Global,18-50,Both,Medium,Consumer Behavior Studies,2024-01-15
90,5,"Smart Home Voice Assistants","Increasing use of voice assistants for smart home control",2023-01-01,2023-12-31,86,Global,25-60,Both,High,Consumer Feedback,2024-01-15
91,6,"AI-driven Supply Chain Optimization","Optimization of supply chains through AI-driven insights and automation",2023-01-01,2023-12-31,89,Global,18-55,Both,High,Market Analysis,2024-01-15
92,7,"Virtual Reality for Social Interaction","Use of virtual reality for enhancing social interactions online",2023-01-01,2023-12-31,88,Global,18-60,Both,High,Social Media Trends,2024-01-15
93,8,"Smart Grids for Sustainable Cities","Implementation of smart grids to support sustainable urban development",2023-01-01,2023-12-31,87,Global,25-60,Both,Medium,Environmental Reports,2024-01-15
94,9,"AI in Personalized Medicine","Integration of AI in personalized medicine for tailored treatments",2023-01-01,2023-12-31,86,Global,25-70,Both,High,Healthcare Trends,2024-01-15
95,10,"Online Electronics Comparison Platforms","Rise of online platforms for comparing electronics products",2023-01-01,2023-12-31,89,Global,18-55,Both,High,Consumer Behavior Studies,2024-01-15
96,1,"Voice-controlled IoT Devices","Integration of voice control in IoT devices for smart home applications",2023-01-01,2023-12-31,88,Global,18-50,Both,High,Consumer Behavior Studies,2024-01-15
97,2,"AI in Legal Tech","Adoption of AI technologies in legal industry for automation and efficiency",2023-01-01,2023-12-31,90,Global,25-60,Both,High,Industry Surveys,2024-01-15
98,3,"Vertical Farming Solutions","Growth of vertical farming solutions for urban agriculture",2023-01-01,2023-12-31,87,Global,25-60,Both,Medium,Agricultural Studies,2024-01-15
99,4,"Subscription-based Gaming Platforms","Popularity of subscription-based platforms for gaming content",2023-01-01,2023-12-31,85,Global,15-40,Both,High,Gaming Industry Reports,2024-01-15
100,5,"5G Technology Adoption","Global adoption of 5G technology for faster and more reliable connectivity",2023-01-01,2023-12-31,86,Global,18-55,Both,High,Market Analysis,2024-01-15
